{"metadata":{"asset_id":"8f627473-69dd-41ed-b8ff-dd10f340c897","asset_attributes":["data_asset"],"name":"modeling_records_2019.csv","asset_type":"data_asset","created_at":"2020-12-02T20:44:49Z","description":"","origin_country":"us","owner_id":"1000330999","project_id":"65346128-4175-422a-a60f-b470f3cc10f9","size":12248,"tags":[],"usage":{"last_update_time":1606941890459,"last_updated_at":"2020-12-02T20:44:50Z"}},"entity":{"data_asset":{"mime_type":"text/csv","dataset":false}},"attachments":[{"id":"546fd302-f072-4d35-b0c7-795f9be61a91","version":2,"asset_type":"data_asset","name":"modeling_records_2019.csv","mime":"text/csv","datasource_type":"81bafdbd-b7c6-45c5-a4fd-6ec135f66f4e","object_key":"data_asset/modeling_records_2019.csv","creator_id":"1000330999","create_time":1606941890458,"size":12248,"is_remote":false,"is_managed":false,"is_referenced":true,"is_object_key_read_only":true,"is_user_provided_path_key":true,"transfer_complete":true,"is_partitioned":false,"complete_time_ticks":1606941890458,"user_data":{},"test_doc":0,"handle":{"key":"data_asset/modeling_records_2019.csv","upload_id":"done","max_part_num":1},"usage":{"access_count":0,"last_accessor_id":"1000330999","last_access_time":1606941890458}}]}