{"metadata":{"asset_id":"f761b18c-0930-457b-8dd1-d0f9931ade8d","asset_attributes":["wml_pipeline"],"name":"HR Attrition Experiment","asset_type":"wml_pipeline","created_at":"2020-12-02T20:46:27Z","description":"","origin_country":"us","owner_id":"1000330999","project_id":"65346128-4175-422a-a60f-b470f3cc10f9","sandbox_id":"65346128-4175-422a-a60f-b470f3cc10f9","size":0,"tags":["dsx-project.65346128-4175-422a-a60f-b470f3cc10f9"],"usage":{"last_update_time":1606941987779,"last_updated_at":"2020-12-02T20:46:27Z"}},"entity":{"wml_pipeline":{"document":{"doc_type":"pipeline","pipelines":[{"id":"autoai","nodes":[{"id":"automl","op":"kube","parameters":{"input_file_separator":",","optimization":{"compute_pipeline_notebooks_flag":true,"daub_adaptive_subsampling_max_mem_usage":9000000000,"holdout_param":0.1,"label":"ATTRITION","learning_type":"classification","max_num_daub_ensembles":2,"positive_label":1,"run_cognito_flag":true,"scorer_for_ranking":"accuracy","train_sample_columns_index_list":[2,3,4,5,6,7,9,10,11,12,13,14,15,16,17,18,19,20,21,22,23]},"output_logs":true,"stage_flag":true},"runtime_ref":"autoai","type":"execution_node"}],"runtime_ref":"hybrid"}],"primary_pipeline":"autoai","runtimes":[{"app_data":{"wml_data":{"hardware_spec":{"base_id":"c076e82c-b2a7-4d20-9c0f-1f0c2fdf5a24","name":"M"}}},"id":"autoai","name":"auto_ai.kb"}],"version":"2.0"},"ml_version":"4.0.0"}}}